BASIN,y1,y2,ychange,dist_cent,TT,HW,SF,sg_rich,TMA,TDR
EAG,2007,2008,1,0.5022267386939062,-0.10861323492367803,-0.04399571605533814,-1.1465353831452418e-5,0.010444312250734278,0.046662409984691455,0.48601725785396194
EAG,2007,2009,2,0.49302165998224157,-0.2621253929245585,-0.026477307428012575,-5.028488181962887e-5,-0.08461711557002927,0.0630929158125828,0.40313622137617283
EAG,2007,2010,3,0.5759750941988471,-0.17415989645406482,-0.08098791867059163,-3.600901305422788e-5,-0.14264566014278657,0.3028225373006163,0.4275597290233053
EAG,2007,2011,4,0.6161436781236442,-0.2102417831925416,-0.06254567540406342,-2.1332699511489306e-5,-0.028562177453901216,0.5716038460306394,-0.06302942128079281
EAG,2007,2012,5,0.37319121974110375,-0.1497537805439343,-0.046242249489336196,-3.4525762038606356e-5,0.01617512825488654,0.32925948931243315,0.07767688715727084
EAG,2007,2013,6,0.22710799212504912,-0.14016437718575192,-0.029099485486646537,9.110781132415369e-6,0.07633527103962168,0.05798678920890227,0.14797184187931697
EAG,2007,2014,7,0.45448328346519973,-0.40863825484165073,-0.013441861829132429,-2.2052640009651014e-5,-0.05391896000793239,0.08273588584548816,-0.17215303203415305
EAG,2007,2015,8,0.5637427679260547,-0.44535232972892924,-0.024305581837410828,1.4299749142854257e-5,0.009130556905676546,0.3149226753709672,-0.1400599541224808
EAG,2007,2016,9,0.48995105065958355,-0.31975125359372136,-0.09811854872161252,-1.554833304096004e-5,-0.169606015928768,0.1689588505473767,0.2662153718423621
EAG,2007,2017,10,0.3386889933140849,-0.21026707061071803,-0.06065330235370647,-2.361378093990174e-5,-0.08159612878201083,-0.05091626369029961,-0.23993493998266313
EAG,2007,2018,11,0.9655200692555087,-0.23211902085084657,-0.0074457931396745836,-4.2435301393306535e-5,0.11298524869474791,0.15738881176382769,0.9169282513736445
EAG,2007,2019,12,0.5694464797402681,-0.22146623232211227,0.06312359615664886,-2.475870404078373e-5,0.2972132548907309,0.29388675133726827,-0.31069642857711566
EAG,2007,2022,15,0.4524737162740977,-0.2831735092765856,-8.943785787739467e-4,-5.090857513434521e-5,0.09583133201347804,0.20082412820675447,-0.2739168676673099
EAG,2007,2023,16,0.3399327921930419,-0.2802075104892032,-0.03189361613472719,-2.6302668174549293e-5,0.0048788848253459305,0.058736584922182755,-0.1804080400263841
EAG,2008,2009,1,0.20012191681720473,-0.15351215800088047,0.017518408627325566,-3.881952798817645e-5,-0.09506142782076354,0.01643050582789135,-0.0828810364777891
EAG,2008,2010,2,0.3132676517699284,-0.0655466615303868,-0.03699220261525349,-2.454365922277546e-5,-0.15308997239352085,0.25616012731592486,-0.058457528830656635
EAG,2008,2011,3,0.7675999845612316,-0.10162854826886358,-0.018549959348725276,-9.867345680036888e-6,-0.039006489704635494,0.5249414360459479,-0.5490466791347548
EAG,2008,2012,4,0.4983306149290242,-0.041140545620256264,-0.0022465334339980547,-2.3060408207153937e-5,0.0057308160041522616,0.2825970793277417,-0.4083403706966911
EAG,2008,2013,5,0.34635521645122935,-0.031551142262073895,0.014896230568691604,2.0576134963867787e-5,0.0658909587888874,0.011324379224210812,-0.338045415974645
EAG,2008,2014,6,0.7277228920852187,-0.3000250199179727,0.030553854226205712,-1.0587286178198596e-5,-0.06436327225866667,0.036073475860796705,-0.658170289888115
EAG,2008,2015,7,0.7600782139451425,-0.3367390948052512,0.019690134217927313,2.5765102974306675e-5,-0.0013137553450577322,0.26826026538627573,-0.6260772119764427
EAG,2008,2016,8,0.3784124114065354,-0.21113801867004334,-0.05412283266627438,-4.08297920950762e-6,-0.18005032817950228,0.12229644056268524,-0.21980188601159983
EAG,2008,2017,9,0.7453929242515377,-0.10165383568704,-0.016657586298368332,-1.2148427108449322e-5,-0.09204044103274511,-0.09757867367499107,-0.725952197836625
EAG,2008,2018,10,0.47439312918259685,-0.12350578592716854,0.03654992291566356,-3.0969947561854116e-5,0.10254093644401363,0.11072640177913623,0.43091099351968254
EAG,2008,2019,11,0.8957228063491337,-0.11285299739843424,0.107119312211987,-1.3293350209331312e-5,0.28676894263999664,0.24722434135257682,-0.7967136864310775
EAG,2008,2022,14,0.8005533522952238,-0.17456027435290755,0.043101337476564194,-3.9443221302892795e-5,0.08538701976274377,0.154161718222063,-0.7599341255212718
EAG,2008,2023,15,0.6883970466142689,-0.1715942755655252,0.012102099920610954,-1.4837314343096875e-5,-0.005565427425388347,0.0120741749374913,-0.666425297880346
EAG,2009,2010,1,0.26859532133110264,0.08796549647049368,-0.054510611242579055,1.427586876540099e-5,-0.0580285445727573,0.2397296214880335,0.02442350764713247
EAG,2009,2011,2,0.695002709057833,0.05188360973201689,-0.03606836797605084,2.8952182308139562e-5,0.05605493811612805,0.5085109302180566,-0.46616564265696564
EAG,2009,2012,3,0.4471526942177382,0.11237161238062421,-0.01976494206132362,1.5759119781022513e-5,0.1007922438249158,0.26616657349985035,-0.325459334218902
EAG,2009,2013,4,0.32545656016419183,0.12196101573880658,-0.0026221780586339616,5.939566295204424e-5,0.16095238660965094,-0.005106126603680539,-0.2551643794968559
EAG,2009,2014,5,0.594913347019712,-0.14651286191709223,0.013035445598880147,2.8232241809977854e-5,0.030698155562096874,0.019642970032905355,-0.5752892534103259
EAG,2009,2015,6,0.6331238187780794,-0.18322693680437074,0.0021717255906017474,6.458463096248312e-5,0.09374767247570581,0.2518297595583844,-0.5431961754986536
EAG,2009,2016,7,0.21361469246542267,-0.057625860669162865,-0.07164124129359994,3.473654877866883e-5,-0.08498890035873874,0.10586593473479389,-0.13692084953381073
EAG,2009,2017,8,0.6560526067909576,0.051858322313840466,-0.0341759949256939,2.6671100879727128e-5,0.0030209867880184316,-0.11400917950288242,-0.643071161358836
EAG,2009,2018,9,0.5596277704045338,0.03000637207371193,0.019031514288337992,7.849580426322333e-6,0.19760236426477717,0.09429589595124488,0.5137920299974716
EAG,2009,2019,10,0.8475250842172167,0.04065916060244623,0.08960090358466144,2.5526177778845138e-5,0.3818303704607602,0.23079383552468546,-0.7138326499532885
EAG,2009,2022,13,0.7148635701566076,-0.02104811635202708,0.02558292884923863,-6.236933147163448e-7,0.1804484475835073,0.13773121239417166,-0.6770530890434827
EAG,2009,2023,14,0.5906849555153966,-0.01808211756464473,-0.005416308706714612,2.3982213645079575e-5,0.0894960003953752,-0.004356330890400051,-0.583544261402557
EAG,2010,2011,1,0.5723444473774952,-0.03608188673847679,0.018442243266528213,1.4676313542738573e-5,0.11408348268888535,0.26878130873002304,-0.4905891503040981
EAG,2010,2012,2,0.3874840362054391,0.024406115910130532,0.034745669181255434,1.4832510156215228e-6,0.1588207883976731,0.02643695201181684,-0.34988284186603447
EAG,2010,2013,3,0.4357920206557094,0.0339955192683129,0.05188843318394509,4.511979418664325e-5,0.21898093118240824,-0.24483574809171404,-0.27958788714398836
EAG,2010,2014,4,0.6895712637446972,-0.2344783583875859,0.0675460568414592,1.3956373044576864e-5,0.08872670013485418,-0.22008665145512815,-0.5997127610574584
EAG,2010,2015,5,0.6497174492060143,-0.2711924332748644,0.0566823368331808,5.0308762197082135e-5,0.1517762170484631,0.012100138070350869,-0.567619683145786
EAG,2010,2016,6,0.2572326790821091,-0.14559135713965654,-0.01713063005102089,2.046068001326784e-5,-0.026960355785981438,-0.13386368675323962,-0.1613443571809432
EAG,2010,2017,7,0.7590286836195481,-0.03610717415665321,0.020334616316885157,1.2395232114326138e-5,0.06104953136077573,-0.3537388009909159,-0.6674946690059684
EAG,2010,2018,8,0.5785735779602386,-0.05795912439678175,0.07354212553091705,-6.426288339078656e-6,0.2556309088375345,-0.14543372553678863,0.4893685223503392
EAG,2010,2019,9,0.8726877367568628,-0.047306335868047444,0.1441115148272405,1.1250309013444149e-5,0.4398589150335175,-0.008935785963348052,-0.738256157600421
EAG,2010,2022,12,0.7600284929640998,-0.10901361282252076,0.08009354009181768,-1.4899562080117335e-5,0.2384769921562646,-0.10199840909386185,-0.7014765966906151
EAG,2010,2023,13,0.681632304690762,-0.1060476140351384,0.04909430253586444,9.706344879678586e-6,0.1475245449681325,-0.24408595237843356,-0.6079677690496894
EAG,2011,2012,1,0.290611560892787,0.06048800264860732,0.01630342591472722,-1.319306252711705e-5,0.044737305708787756,-0.2423443567182062,0.14070630843806364
EAG,2011,2013,2,0.570400718962796,0.07007740600678969,0.03344618991741688,3.0443480643904675e-5,0.1048974484935229,-0.5136170568217371,0.21100126316010978
EAG,2011,2014,3,0.5415857788124329,-0.19839647164910912,0.04910381357493099,-7.199404981617086e-7,-0.025356782554031176,-0.4888679601851512,-0.10912361075336025
EAG,2011,2015,4,0.3605259265335746,-0.23511054653638763,0.03824009356665259,3.563244865434356e-5,0.03769273435957776,-0.25668117065967216,-0.07703053284168798
EAG,2011,2016,5,0.5510682752755979,-0.10950947040117975,-0.0355728733175491,5.7843664705292674e-6,-0.1410438384748668,-0.40264499548326266,0.3292447931231549
EAG,2011,2017,6,0.6493404586717499,-2.5287418176422882e-5,0.0018923730503569436,-2.2810814284124348e-6,-0.05303395132810962,-0.622520109720939,-0.17690551870187032
EAG,2011,2018,7,1.0749146104015386,-0.02187723765830496,0.05509988226438883,-2.110260188181723e-5,0.14154742614864912,-0.41421503426681167,0.9799576726544372
EAG,2011,2019,8,0.5104058361656688,-0.011224449129570657,0.12566927156071228,-3.426004529294424e-6,0.32577543234463213,-0.2777170946933711,-0.24766700729632285
EAG,2011,2022,11,0.45447197860282557,-0.07293172608404397,0.06165129682528947,-2.9575875622855907e-5,0.12439350946737926,-0.37077971782388486,-0.21088744638651707
EAG,2011,2023,12,0.5326946818395876,-0.06996572729666162,0.03065205926933623,-4.969968663059987e-6,0.03344106227924715,-0.5128672611084566,-0.1173786187455913
EAG,2012,2013,1,0.28728963465339324,0.009589403358182369,0.01714276400268966,4.3636543171021724e-5,0.06016014278473514,-0.2712727001035309,0.07029495472204614
EAG,2012,2014,2,0.44294366844730965,-0.25888447429771644,0.03280038766020377,1.2473122028955341e-5,-0.07009408826281893,-0.246523603466945,-0.2498299191914239
EAG,2012,2015,3,0.36813614916474247,-0.29559854918499495,0.021936667651925368,4.882551118146061e-5,-0.007044571349209994,-0.014336813941465968,-0.21773684127975163
EAG,2012,2016,4,0.35685848757668065,-0.16999747304978707,-0.051876299232276324,1.8977428997646317e-5,-0.18578114418365455,-0.16030063876505646,0.18853848468509127
EAG,2012,2017,5,0.508762844016124,-0.06051329006678374,-0.014411052864370277,1.0911981098704615e-5,-0.09777125703689737,-0.38017575300273276,-0.31761182713993397
EAG,2012,2018,6,0.8669162470840589,-0.08236524030691228,0.03879645634966161,-7.909539354700179e-6,0.09681012043986137,-0.17187067754860547,0.8392513642163737
EAG,2012,2019,7,0.4981676982891006,-0.07171245177817798,0.10936584564598506,9.767057997822626e-6,0.2810381266358444,-0.03537273797516489,-0.3883733157343865
EAG,2012,2022,10,0.40781880154161054,-0.1334197287326513,0.04534787091056225,-1.6382813095738857e-5,0.0796562037585915,-0.12843536110567869,-0.3515937548245807
EAG,2012,2023,11,0.3964115734412227,-0.13045372994526894,0.014348633354609008,8.223093864057063e-6,-0.011296243429540609,-0.2705229043902504,-0.25808492718365494
EAG,2013,2014,1,0.4386137281499354,-0.2684738776558988,0.015657623657514108,-3.116342114206638e-5,-0.13025423104755407,0.024749096636585893,-0.32012487391347
EAG,2013,2015,2,0.49664625904596554,-0.3051879525431773,0.004793903649235709,5.188968010438888e-6,-0.06720471413394513,0.2569358861620649,-0.28803179600179774
EAG,2013,2016,3,0.3518501460670081,-0.17958687640796944,-0.06901906323496598,-2.4659114173375407e-5,-0.24594128696838968,0.11097206133847443,0.11824352996304512
EAG,2013,2017,4,0.4395269109509862,-0.07010269342496611,-0.031553816867059936,-3.272456207231711e-5,-0.1579313998216325,-0.10890305289920188,-0.3879067818619801
EAG,2013,2018,5,0.781947878182024,-0.09195464366509465,0.021653692346971953,-5.1546082525721904e-5,0.03664997765512623,0.09940202255492542,0.7689564094943275
EAG,2013,2019,6,0.5743931996370886,-0.08130185513636035,0.0922230816432954,-3.38694851731991e-5,0.22087798385110924,0.235899962128366,-0.4586682704564326
EAG,2013,2022,9,0.46906271283036655,-0.14300913209083366,0.02820510690787259,-6.001935626676058e-5,0.019496060973856366,0.1428373389978522,-0.42188870954662683
EAG,2013,2023,10,0.36408764297962204,-0.1400431333034513,-0.0027941306480806505,-3.541344930696466e-5,-0.07145638621427575,7.497957132804878e-4,-0.32837988190570105
EAG,2014,2015,1,0.24572720136724055,-0.036714074887278514,-0.010863720008278399,3.635238915250527e-5,0.06304951691360894,0.23218678952547903,0.03209307791167226
EAG,2014,2016,2,0.4775518740441709,0.08888700124792936,-0.08467668689248009,6.504306968690976e-6,-0.11568705592083561,0.08622296470188853,0.43836840387651516
EAG,2014,2017,3,0.2545650342133634,0.1983711842309327,-0.047211440524574044,-1.5611409302507262e-6,-0.027677168774078442,-0.13365214953578777,-0.06778190794851008
EAG,2014,2018,4,1.118357326315652,0.17651923399080416,0.005996068689457845,-2.038266138365552e-5,0.1669042087026803,0.07465292591833952,1.0890812834077974
EAG,2014,2019,5,0.47746039463098855,0.18717202251953846,0.0765654579857813,-2.7060640311327155e-6,0.3511322148986633,0.2111508654917801,-0.1385433965429626
EAG,2014,2022,8,0.2502492831868507,0.12546474556506515,0.012547483250358482,-2.88559351246942e-5,0.14975029202141044,0.1180882423612663,-0.10176383563315683
EAG,2014,2023,9,0.14469354342450094,0.1284307443524475,-0.01845175430559476,-4.2500281648982785e-6,0.05879784483327832,-0.023999300923305406,-0.008255007992231056
EAG,2015,2016,1,0.48942397408693866,0.12560107613520788,-0.07381296688420169,-2.9848082183814295e-5,-0.17873657283444455,-0.1459638248235905,0.4062753259648429
EAG,2015,2017,2,0.4567611092340944,0.2350852591182112,-0.036347720516295645,-3.7913530082756e-5,-0.09072668568768738,-0.3658389390612668,-0.09987498586018234
EAG,2015,2018,3,1.094796547974284,0.21323330887808267,0.016859788697736244,-5.673505053616079e-5,0.10385469178907136,-0.1575338636071395,1.0569882054961253
EAG,2015,2019,4,0.41269820049879224,0.22388609740681698,0.08742917799405969,-3.905845318363799e-5,0.28808269798505437,-0.021035924033698923,-0.17063647445463487
EAG,2015,2022,7,0.25554497581929053,0.16217882045234366,0.02341120325863688,-6.520832427719947e-5,0.0867007751078015,-0.11409854716421272,-0.1338569135448291
EAG,2015,2023,8,0.30758372669209194,0.16514481923972602,-0.0075880342973163595,-4.060241731740355e-5,-0.004251672080330615,-0.25618609044878443,-0.04034808590390332
EAG,2016,2017,1,0.5706744915721234,0.10948418298300333,0.03746524636790605,-8.065447898941702e-6,0.08800988714675717,-0.2198751142376763,-0.5061503118250252
EAG,2016,2018,2,0.7206385347524072,0.0876322327428748,0.09067275558193794,-2.6886968352346496e-5,0.2825912646235159,-0.011570038783549008,0.6507128795312824
EAG,2016,2019,3,0.7758952327754017,0.0982850212716091,0.16124214487826138,-9.210370999823692e-6,0.4668192708194989,0.12492790078989158,-0.5769118004194778
EAG,2016,2022,6,0.6115600458256703,0.036577744317135785,0.09722417014283857,-3.5360242093385175e-5,0.26543734794224605,0.03186527765937777,-0.5401322395096719
EAG,2016,2023,7,0.49801189733831946,0.039543743104518136,0.06622493258688533,-1.0754335133589255e-5,0.17448490075411394,-0.11022226562519394,-0.4466234118687462
EAG,2017,2018,1,1.1928511673952085,-0.021851950240128537,0.05320750921403189,-1.8821520453404794e-5,0.19458137747675874,0.2083050754541273,1.1568631913563077
EAG,2017,2019,2,0.5318260979191582,-0.011199161711394234,0.12377689851035534,-1.1449231008819893e-6,0.37880938367274175,0.3448030150275679,-0.07076148859445253
EAG,2017,2022,5,0.32387494296512903,-0.07290643866586755,0.059758923774932526,-2.7294794194443472e-5,0.17742746079548888,0.2517403918970541,-0.03398192768464675
EAG,2017,2023,6,0.1695992679661962,-0.0699404398784852,0.028759686218979286,-2.6888872346475523e-6,0.08647501360735677,0.10965284861248237,0.05952689995627902
EAG,2018,2019,1,1.2508906912758222,0.010652788528734303,0.07056938929632345,1.7676597352522805e-5,0.184228006195983,0.13649793957344059,-1.2276246799507602
EAG,2018,2022,4,1.192871519908422,-0.05105448842573901,0.006551414560900637,-8.473273741038678e-6,-0.017153916681269865,0.04343531644292678,-1.1908451190409544
EAG,2018,2023,5,1.1083665383520946,-0.04808848963835666,-0.024447822995052604,1.6132633218757242e-5,-0.10810636386940198,-0.09865222684164493,-1.0973362914000286
EAG,2019,2022,3,0.24181430186936223,-0.06170727695447331,-0.06401797473542281,-2.6149871093561483e-5,-0.20138192287725287,-0.0930626231305138,0.036779560909805775
EAG,2019,2023,4,0.4125637614629114,-0.05874127816709096,-0.09501721229137605,-1.543964133765563e-6,-0.292334370065385,-0.23515016641508552,0.13028838855073155
EAG,2022,2023,1,0.19538390142548387,0.0029659987873823512,-0.03099923755595324,2.460590695979592e-5,-0.09095244718813211,-0.1420875432845717,0.09350882764092577
JON,2007,2008,1,1.0121761433811851,-0.24378847645645896,0.3199921161306981,0.8344014019086479,0.22906934136763113,0.002479673629963264,0.3375917033166209
JON,2007,2009,2,0.624531791264521,-0.49847976583493425,0.016953141892716544,-0.36237570875740566,0.08433674900111499,0.018015630925975024,-0.050170388138977284
JON,2007,2010,3,0.636424092662698,-0.21120813754978518,-0.08130129027576058,0.5066247564491511,0.3095682197579043,-0.028350904004593058,0.022626273768970362
JON,2007,2011,4,0.5918965711263959,-0.16288179654548052,-0.02225707920521039,-0.17139781347491834,0.19439892972675044,0.11389320489016719,0.4931286619407879
JON,2007,2012,5,1.280591874802062,-0.5961968577578577,-0.08014027739839666,-0.37952896918782264,-0.09502552381232277,0.22404774533888422,1.0367125501927763
JON,2007,2013,6,1.3946469207440968,-0.6506210986627703,-0.023311701886696262,-0.35934810759129054,0.22738829945497063,0.37695045336124455,1.0946509208981983
JON,2007,2014,7,0.8432268368620318,-0.09098394063174431,-0.14247209034108746,-0.815464947467309,0.12882702072054808,0.022162790499477114,-0.019607481403552174
JON,2007,2015,8,1.318217814228103,-0.6787830643015759,-0.19518921746849724,-1.0571915718606206,-0.33883647706426767,-0.01115915094537867,0.07914684009763101
JON,2007,2016,9,3.30441525691193,-1.3034924328750894,-0.1338794167706935,-1.481251101334391,-1.3992549756635178,0.3833274589695368,2.214313599378227
JON,2007,2017,10,2.879329538586628,-1.5318827657848453,0.8613255190050609,-1.4686016841947218,-1.4171429486730749,0.669311537947102,0.7674171977203879
JON,2007,2018,11,3.0524152198763,-1.6695568123818672,1.1489815863337727,-1.593233919517229,-1.4985868602780206,0.23314611724286127,0.6092175530499084
JON,2007,2019,12,3.0869776507631483,-2.074560008763836,0.5362488365134972,-1.514180026496946,-1.5335138876997114,0.30083341308314393,0.45073521367811126
JON,2007,2021,14,4.110953551276624,-2.283718497393755,1.7388665936163197,-1.0231503546813854,-1.4580830090101422,0.6413347828811151,2.2531664123714408
JON,2007,2022,15,3.867695048271886,-2.2373226475838877,1.8253786790422535,-0.6190089331779367,-1.1643165369148938,0.8318426318150027,2.047114509142212
JON,2007,2023,16,3.589286851152796,-2.2358522625005763,2.3093014914292387,1.4716753257892257,-0.5902102049263958,0.18775294690094785,0.040544570611003805
JON,2008,2009,1,1.3268474118145317,-0.2546912893784753,-0.3030389742379816,-1.1967771106660536,-0.14473259236651614,0.01553595729601176,-0.38776209145559815
JON,2008,2010,2,0.6133263581216464,0.03258033890667378,-0.4012934064064587,-0.3277766454594968,0.08049887839027314,-0.030830577634556322,-0.3149654295476505
JON,2008,2011,3,1.0831062838511114,0.08090667991097844,-0.34224919533590853,-1.0057992153835662,-0.034670411640880694,0.11141353126020392,0.155536958624167
JON,2008,2012,4,1.5494593883051158,-0.35240838130139873,-0.4001323935290948,-1.2139303710964704,-0.3240948651799539,0.22156807170892096,0.6991208468761554
JON,2008,2013,5,1.5562062958000213,-0.40683262220631133,-0.3433038180173944,-1.1937495094999384,-0.001681041912660497,0.3744707797312813,0.7570592175815773
JON,2008,2014,6,1.7599171982631738,0.15280453582471465,-0.4624642064717856,-1.6498663493759569,-0.10024232064708305,0.01968311686951385,-0.3571991847201731
JON,2008,2015,7,2.1029153239790084,-0.4349945878451169,-0.5151813335991954,-1.8915929737692685,-0.5679058184318988,-0.013638824575341935,-0.25844486321898985
JON,2008,2016,8,3.6069084479084568,-1.0597039564186304,-0.45387153290139165,-2.315652503243039,-1.628324317031149,0.38084778533957353,1.8767218960616059
JON,2008,2017,9,3.2550701314501294,-1.2880942893283862,0.5413334028743628,-2.3030030861033697,-1.6462122900407061,0.6668318643171387,0.42982549440376705
JON,2008,2018,10,3.424213151193517,-1.425768335925408,0.8289894702030745,-2.4276353214258766,-1.7276562016456518,0.230666443612898,0.2716258497332875
JON,2008,2019,11,3.4817872056806634,-1.8307715323073772,0.21625672038279908,-2.348581428405594,-1.7625832290673427,0.29835373945318067,0.11314351036149037
JON,2008,2021,13,4.068053978447687,-2.0399300209372964,1.4188744774856215,-1.8575517565900332,-1.6871523503777732,0.6388551092511519,1.9155747090548199
JON,2008,2022,14,3.728887789036872,-1.9935341711274286,1.5053865629115553,-1.4534103350865846,-1.393385878282525,0.8293629581850395,1.7095228058255914
JON,2008,2023,15,3.020855860876212,-1.9920637860441173,1.9893093752985405,0.6372739238805778,-0.8192795462940268,0.18527327327098458,-0.2970471327056171
JON,2009,2010,1,0.9515877023970186,0.28727162828514907,-0.09825443216847712,0.8690004652065567,0.2252314707567893,-0.04636653493056808,0.07279666190794765
JON,2009,2011,2,0.6834588835834962,0.33559796928945373,-0.039210221097926934,0.19097789528248732,0.11006218072563545,0.09587757396419216,0.5432990500797652
JON,2009,2012,3,1.12924956284332,-0.09771709192292344,-0.0970934192911132,-0.017153260430416983,-0.17936227281343775,0.2060321144129092,1.0868829383317535
JON,2009,2013,4,1.2184790485016617,-0.15214133282783604,-0.04026484377941281,0.0030276011661151125,0.14305155045385565,0.35893482243526953,1.1448213090371755
JON,2009,2014,5,0.632210237930284,0.40749582520318994,-0.159425232233804,-0.45308923870990336,0.044490271719433094,0.0041471595735020905,0.03056290673542511
JON,2009,2015,6,0.870018641390966,-0.18030329846664161,-0.21214235936121378,-0.6948158631032149,-0.42317322606538266,-0.029174781871353694,0.1293172282366083
JON,2009,2016,7,3.063504996876304,-0.8050126670401551,-0.15083255866341005,-1.1188753925769854,-1.4835917246646328,0.36531182804356177,2.2644839875172043
JON,2009,2017,8,2.520257820511557,-1.033402999949911,0.8443723771123444,-1.106225975437316,-1.50147969767419,0.651295907021127,0.8175875858593652
JON,2009,2018,9,2.674816352370596,-1.171077046546933,1.132028444441056,-1.2308582107598234,-1.5829236092791357,0.21513048631688625,0.6593879411888857
JON,2009,2019,10,2.6511663734053474,-1.5760802429289018,0.5192956946207807,-1.1518043177395403,-1.6178506367008265,0.2828177821571689,0.5009056018170885
JON,2009,2021,12,3.8290510950186536,-1.785238731558821,1.721913451723603,-0.6607746459239797,-1.542419758011257,0.6233191519551401,2.303336800510418
JON,2009,2022,13,3.602761643360371,-1.7388428817489534,1.8084255371495368,-0.25663322442053105,-1.2486532859160089,0.8138270008890278,2.0972848972811895
JON,2009,2023,14,3.482688745544579,-1.7373724966656419,2.292348349536522,1.8340510345466314,-0.6745469539275106,0.16973731597497282,0.09071495874998109
JON,2010,2011,1,0.8487674054646395,0.04832634100430466,0.05904421107055019,-0.6780225699240694,-0.11516929003115384,0.14224410889476025,0.47050238817181755
JON,2010,2012,2,1.4796142198750057,-0.3849887202080725,0.0011610128773639206,-0.8861537256369737,-0.40459374357022704,0.2523986493434773,1.0140862764238059
JON,2010,2013,3,1.5055281856033624,-0.4394129611129851,0.05798958838906432,-0.8659728640404416,-0.08217992030293364,0.4053013573658376,1.0720246471292278
JON,2010,2014,4,1.3428028946740536,0.12022419691804087,-0.06117080006532688,-1.32208970391646,-0.1807411990373562,0.05051369450407017,-0.042233755172522536
JON,2010,2015,5,1.7609761674786715,-0.4675749267517907,-0.11388792719273666,-1.5638163283097715,-0.6484046968221719,0.017191753059214387,0.05652056632866065
JON,2010,2016,6,3.6111700303566794,-1.0922842953253042,-0.05257812649493293,-1.987875857783542,-1.708823195421422,0.41167836297412985,2.1916873256092564
JON,2010,2017,7,3.24918822624238,-1.32067462823506,0.9426268092808215,-1.9752264406438729,-1.7267111684309793,0.697662441951695,0.7447909239514175
JON,2010,2018,8,3.425153731937277,-1.4583486748320817,1.2302828766095333,-2.09985867596638,-1.8081550800359247,0.26149702124745433,0.586591279280938
JON,2010,2019,9,3.4096468379744564,-1.8633518712140509,0.6175501267892578,-2.020804782946097,-1.8430821074576156,0.329184317087737,0.4281089399091409
JON,2010,2021,11,4.3008024022906115,-2.07251035984397,1.82016788389208,-1.5297751111305364,-1.7676512287680466,0.6696856868857082,2.2305401386024704
JON,2010,2022,12,4.002304526966393,-2.0261145100341027,1.9066799693180139,-1.1256336896270878,-1.4738847566727982,0.8601935358195958,2.0244882353732416
JON,2010,2023,13,3.4061872008511687,-2.024644124950791,2.3906027817049993,0.9650505693400746,-0.8997784246842999,0.2161038509055409,0.017918296842033443
JON,2011,2012,1,0.7910846765928135,-0.4333150612123772,-0.05788319819318627,-0.2081311557129043,-0.2894244535390732,0.11015454044871703,0.5435838882519883
JON,2011,2013,2,0.839840755516638,-0.4877393021172898,-0.0010546226814858728,-0.1879502941163722,0.0329893697282202,0.26305724847107737,0.6015222589574103
JON,2011,2014,3,0.8426481594017734,0.07189785591373621,-0.12021501113587707,-0.6440671339923907,-0.06557190900620236,-0.09173041439069007,-0.51273614334434
JON,2011,2015,4,1.2458126923755066,-0.5159012677560953,-0.17293213826328685,-0.8857937583857022,-0.5332354067910181,-0.12505235583554586,-0.4139818218431569
JON,2011,2016,5,2.9332529693101086,-1.140610636329609,-0.11162233756548312,-1.3098532878594726,-1.5936539053902683,0.2694342540793696,1.7211849374374388
JON,2011,2017,6,2.7052561237784998,-1.3690009692393648,0.8835825982102714,-1.2972038707198035,-1.6115418783998254,0.5554183330569349,0.2742885357796
JON,2011,2018,7,2.9253010614885944,-1.5066750158363864,1.171238665538983,-1.4218361060423106,-1.6929857900047711,0.11925291235269408,0.11608889110912048
JON,2011,2019,8,2.96511940182735,-1.9116782122183555,0.5585059157187076,-1.3427822130220277,-1.727912817426462,0.18694020819297674,-0.04239344826267665
JON,2011,2021,10,3.798896070317702,-2.1208367008482747,1.76112367282153,-0.851752541206467,-1.6524819387368925,0.5274415779909479,1.7600377504306528
JON,2011,2022,11,3.562842905084179,-2.074440851038407,1.8476357582474638,-0.44761111970301837,-1.3587154666416443,0.7179494269248357,1.5539858472014243
JON,2011,2023,12,3.641285539117776,-2.0729704659550956,2.331558570634449,1.643073139264144,-0.7846091346531461,0.07385974201078066,-0.4525840913297841
JON,2012,2013,1,0.37052060471982784,-0.0544242409049126,0.0568285755117004,0.020180861596532096,0.3224138232672934,0.15290270802236033,0.05793837070542196
JON,2012,2014,2,1.2867964211678204,0.5052129171261134,-0.0623318129426908,-0.4359359782794864,0.22385254453287085,-0.2018849548394071,-1.0563200315963284
JON,2012,2015,3,1.2292198734641104,-0.08258620654371818,-0.11504894007010058,-0.6776626026727979,-0.2438109532519449,-0.2352068962842629,-0.9575657100951452
JON,2012,2016,4,2.197743229641597,-0.7072955751172316,-0.05373913937229685,-1.1017221321465684,-1.304229451851195,0.15927971363065255,1.1776010491854505
JON,2012,2017,5,2.228613842692783,-0.9356859080269875,0.9414657964034576,-1.089072715006899,-1.3221174248607523,0.4452637926082178,-0.26929535247238834
JON,2012,2018,6,2.5077362366731997,-1.0733599546240093,1.2291218637321693,-1.2137049503294062,-1.4035613364656978,0.009098371903977054,-0.42749499714286787
JON,2012,2019,7,2.504284412476605,-1.4783631510059783,0.6163891139118939,-1.1346510573091233,-1.4384883638873887,0.07678566774425971,-0.585977336514665
JON,2012,2021,9,3.175307535872202,-1.6875216396358974,1.8190068710147163,-0.6436213854935627,-1.3630574851978194,0.41728703754223084,1.2164538621786645
JON,2012,2022,10,2.985859510746743,-1.64112578982603,1.90551895644065,-0.23947996399011406,-1.0692910131025712,0.6077948864761186,1.010401958949436
JON,2012,2023,11,3.61437892023088,-1.6396554047427183,2.389441768827635,1.8512042949770482,-0.49518468111407293,-0.03629479843793637,-0.9961679795817724
JON,2013,2014,1,1.3829663469979518,0.559637158031026,-0.1191603884543912,-0.4561168398760185,-0.09856127873442255,-0.35478766286176744,-1.1142584023017503
JON,2013,2015,2,1.4211996967057596,-0.028161965638805575,-0.17187751558180098,-0.69784346426933,-0.5662247765192383,-0.3881096043066232,-1.015504080800567
JON,2013,2016,3,2.3657527449525184,-0.652871334212319,-0.11056771488399725,-1.1219029937431004,-1.6266432751184885,0.006377005608292213,1.1196626784800285
JON,2013,2017,4,2.3846778766047194,-0.881261667122075,0.8846372208917572,-1.1092535766034313,-1.6445312481280456,0.29236108458585747,-0.3272337231778103
JON,2013,2018,5,2.6777399487055207,-1.0189357137190966,1.1722932882204689,-1.2338858119259384,-1.7259751597329913,-0.14380433611838328,-0.48543336784828983
JON,2013,2019,6,2.6824512169486754,-1.4239389101010658,0.5595605384001935,-1.1548319189056555,-1.7609021871546822,-0.07611704027810062,-0.643915707220087
JON,2013,2021,8,3.2350863406505774,-1.633097398730985,1.7621782955030159,-0.6638022470900948,-1.6854713084651127,0.26438432951987056,1.1585154914732425
JON,2013,2022,9,3.0089296779347596,-1.5867015489211174,1.8486903809289497,-0.25966082558664616,-1.3917048363698645,0.45489217845375823,0.952463588244014
JON,2013,2023,10,3.622442846278728,-1.5852311638378058,2.332613193315935,1.8310234333805162,-0.8175985043813663,-0.1891975064602967,-1.0541063502871943
JON,2014,2015,1,0.7976782441419074,-0.5877991236698316,-0.05271712712740978,-0.2417266243933115,-0.46766349778481575,-0.033321941444855785,0.09875432150118318
JON,2014,2016,2,3.0609475299436073,-1.2125084922433451,0.00859267357039395,-0.665786153867082,-1.5280819963840657,0.3611646684700597,2.233921080781779
JON,2014,2017,3,2.634125880602454,-1.440898825153101,1.0037976093461485,-0.6531367367274127,-1.545969969393623,0.647148747447625,0.7870246791239401
JON,2014,2018,4,2.802334796645818,-1.5785728717501226,1.29145367667486,-0.7777689720499199,-1.6274138809985685,0.21098332674338416,0.6288250344534605
JON,2014,2019,5,2.8188110505664357,-1.9835760681320918,0.6787209268545846,-0.698715079029637,-1.6623409084202594,0.2786706225836668,0.47034269508166343
JON,2014,2021,7,4.056822879961289,-2.192734556762011,1.881338683957407,-0.20768540721407638,-1.5869100297306904,0.619171992381638,2.272773893774993
JON,2014,2022,8,3.888051305392754,-2.146338706952143,1.967850769383341,0.19645601428937232,-1.293143557635442,0.8096798413155257,2.0667219905457643
JON,2014,2023,9,4.048545089918101,-2.144868321868832,2.451773581770326,2.2871402732565347,-0.7190372256469437,0.16559015640147073,0.06015205201455598
JON,2015,2016,1,2.5323687209593095,-0.6247093685735134,0.06130980069780373,-0.4240595294737705,-1.0604184985992502,0.39448660991491546,2.1351667592805956
JON,2015,2017,2,2.0279945907040267,-0.8530997014832693,1.056514736473558,-0.4114101123341012,-1.0783064716088073,0.6804706888924807,0.6882703576227569
JON,2015,2018,3,2.1820747338987787,-0.9907737480802912,1.3441708038022697,-0.5360423476566084,-1.159750383213753,0.24430526818823994,0.5300707129522774
JON,2015,2019,4,2.086792933677933,-1.39577694446226,0.7314380539819945,-0.4569884546363255,-1.1946774106354439,0.3119925640285226,0.37158837358048025
JON,2015,2021,6,3.5668432349678074,-1.6049354330921792,1.934055811084817,0.03404121717923511,-1.1192465319458744,0.6524939338264938,2.1740195722738096
JON,2015,2022,7,3.4595823972357618,-1.558539583282312,2.0205678965107507,0.4381826386826838,-0.8254800598506262,0.8430017827603815,1.9679676690445813
JON,2015,2023,8,3.8982497218498926,-1.5570691981990001,2.5044907088977357,2.5288668976498463,-0.251373727862128,0.19891209784632652,-0.038602269486627205
JON,2016,2017,1,1.7939819080053356,-0.22839033290975586,0.9952049357757544,0.0126494171396693,-0.017887973009557245,0.2859840789775653,-1.4468964016578387
JON,2016,2018,2,2.097863248984724,-0.36606437950677767,1.282861003104466,-0.1119828181828379,-0.09933188461450282,-0.1501813417266755,-1.6050960463283184
JON,2016,2019,3,2.0444414499137666,-0.7710675758887467,0.6701282532841908,-0.03292892516255497,-0.13425891203619367,-0.08249404588639284,-1.7635783857001155
JON,2016,2021,5,2.179315284405448,-0.9802260645186659,1.872746010387013,0.4581007466530056,-0.05882803334662445,0.2580073239115783,0.03885281299321397
JON,2016,2022,6,2.3955187702267726,-0.9338302147087983,1.9592580958129469,0.8622421681564543,0.23493843874862386,0.44851517284546605,-0.16719909023601454
JON,2016,2023,7,4.579986561918332,-0.9323598296254868,2.443180908199932,2.9529264271236166,0.809044770737122,-0.19557451206858892,-2.173769028767223
JON,2017,2018,1,0.5823520093451997,-0.13767404659702182,0.28765606732871163,-0.1246322353225072,-0.08144391160494557,-0.43616542070424075,-0.15819964467047953
JON,2017,2019,2,0.8073763854635401,-0.5426772429789908,-0.32507668249156374,-0.04557834230222427,-0.11637093902663642,-0.3684781248639581,-0.31668198404227665
JON,2017,2021,4,1.9348570252397543,-0.7518357316089099,0.8775410746112586,0.4454513295133363,-0.04094006033706721,-0.02797675506598693,1.4857492146510527
JON,2017,2022,5,1.9689628042721559,-0.7054398817990424,0.9640531600371924,0.849592751016785,0.2528264117581811,0.16253109386790077,1.2796973114218244
JON,2017,2023,6,3.5611089031080967,-0.7039694967157308,1.4479759724241776,2.9402770099839475,0.8269327437466794,-0.48155859104615417,-0.7268726271093842
JON,2018,2019,1,0.7593659519224135,-0.405003196381969,-0.6127327498202754,0.07905389302028293,-0.03492702742169085,0.06768729584028266,-0.15848233937179712
JON,2018,2021,3,1.9801466028647858,-0.6141616850118882,0.589885007282547,0.5700835648358435,0.040503851267878366,0.40818866563825384,1.6439488593215323
JON,2018,2022,4,2.065600933538848,-0.5677658352020206,0.6763970927084808,0.9742249863392922,0.3342703233631267,0.5986965145721415,1.4378969560923038
JON,2018,2023,5,3.4944669335691727,-0.5662954501187091,1.160319905095466,3.0649092453064544,0.9083766553516248,-0.045393170341913425,-0.5686729824389045
JON,2019,2021,2,2.2586580325462107,-0.20915848862991915,1.2026177571028223,0.49102967181556056,0.07543087868956921,0.3405013697979712,1.8024311986933295
JON,2019,2022,3,2.335890203541048,-0.1627626388200516,1.289129842528756,0.8951710933190093,0.3691973507848175,0.5310092187318589,1.596379295464101
JON,2019,2023,4,3.627110211507324,-0.16129225373674005,1.7730526549157415,2.9858553522861717,0.9433036827733157,-0.11308046618219608,-0.41019064306710745
JON,2021,2022,1,0.5813919261877005,0.04639584980986755,0.0865120854259338,0.4041414215034487,0.2937664720952483,0.1905078489338877,-0.2060519032292285
JON,2021,2023,2,3.5222829848914756,0.047866234893179094,0.570434897812919,2.494825680470611,0.8678728040837465,-0.4535818359801672,-2.212621841760437
JON,2022,2023,1,3.062011861821082,0.0014703850833115428,0.4839228123869852,2.0906842589671624,0.5741063319884983,-0.6440896849140549,-2.0065699385312086
RAN,2007,2008,1,1.0401818919720884,-0.32467099437540314,-0.8067813672983191,-0.4972666616290396,-0.0586497785754202,0.23728842174143444,0.13656945043090205
RAN,2007,2009,2,1.0916879423380816,0.1338028270472151,-0.4106842259409516,-0.480329586835297,-0.23471357462760056,0.765646660173399,0.3649603418801769
RAN,2007,2010,3,0.6482579937029641,0.2711414694805895,-0.3298589438498549,-0.4700426883562269,-0.03433194625677538,-0.06303731274428394,0.10872576916724552
RAN,2007,2011,4,0.7246933568332041,0.39513449652996846,-0.39407143505619624,-0.4432400893359386,0.1139241027225224,-0.05140382021386647,0.04091533275795334
RAN,2007,2012,5,1.3462127013356155,-0.09200333846629138,-1.046019552620676,-0.6003642110954828,-0.5854134979772304,-0.03036050173024625,-0.07482786138920772
RAN,2007,2013,6,1.1816949068966318,0.08601735843824096,-0.8060363691561597,-0.5854386600853021,-0.49805336515107757,0.35073288099019506,0.1596875247532899
RAN,2007,2014,7,1.3935694423863585,0.15555321647583034,-0.9109550617380249,-0.623814542564612,-0.823248452022261,-0.11428145878387573,0.08976087119120996
RAN,2007,2015,8,2.2835057940675014,-0.7311909246590867,-1.2158772871436594,-0.6720721966233252,-1.656643106817842,-0.06020190366717852,-0.040364288645891366
RAN,2007,2016,9,2.5108615695528447,-1.1202597445519042,-0.9304489073430946,-0.6902472607817213,-1.8273738932512613,0.5722138929178414,0.20135389496303577
RAN,2007,2017,10,2.4219309740834287,-1.1831871456957002,0.7545036158764491,-0.6901934415895447,-1.5150197403540835,0.17415285425219773,1.046212740313637
RAN,2007,2018,11,2.4738106663616155,-0.9735090673887589,1.0107865351900536,-0.6902126015346208,-1.6669612706998758,-0.2808904679026021,0.9034805591188884
RAN,2007,2019,12,2.32751877428108,-0.7069426662046273,-0.44072762234744456,-0.6902344255279563,-1.330799598451978,0.5422943508334789,1.4770919327721632
RAN,2007,2021,14,2.432061082883866,-1.0947184346468632,-0.52805769505267,-0.6337052345268235,-1.2365700490745026,0.601420046365195,1.4646753386718496
RAN,2007,2022,15,2.272427520390872,-1.1268457070081443,-0.8719032413341864,-0.6902182070483027,-1.4905429228528067,0.4277291407258802,0.5028506038023628
RAN,2007,2023,16,1.8716320814558927,-1.1517800597201728,-0.08742259418230625,-0.6821107913391808,-1.1252714892315487,0.626348752893221,0.2119972075351551
RAN,2008,2009,1,0.8542255805816944,0.4584738214226183,0.39609714135736745,0.016937074793742624,-0.17606379605218037,0.5283582384319645,0.22839089144927488
RAN,2008,2010,2,0.8214321695333338,0.5958124638559926,0.47692242344846414,0.027223973272812674,0.024317832318644816,-0.3003257344857184,-0.027843681263656522
RAN,2008,2011,3,0.9020216010283606,0.7198054909053716,0.4127099322421228,0.05402657229310098,0.1725738812979426,-0.2886922419553009,-0.09565411767294871
RAN,2008,2012,4,0.7181942897899621,0.23266765590911176,-0.23923818532235686,-0.10309754946644323,-0.5267637194018102,-0.2676489234716807,-0.21139731182010976
RAN,2008,2013,5,0.6188048012588119,0.41068835281364413,7.449981421593366e-4,-0.0881719984562625,-0.43940358657565737,0.11344445924876062,0.023118074322387855
RAN,2008,2014,6,0.9838116551911138,0.48022421085123346,-0.10417369443970584,-0.12654788093557234,-0.7645986734468408,-0.3515698805253102,-0.04680857923969209
RAN,2008,2015,7,1.742573849011658,-0.4065199302836836,-0.4090959198453404,-0.17480553499428558,-1.597993328242422,-0.297490325408613,-0.1769337390767934
RAN,2008,2016,8,1.9824867517462441,-0.795588750176501,-0.12366754004477558,-0.19298059915268168,-1.768724114675841,0.3349254711764069,0.06478444453213372
RAN,2008,2017,9,2.482807282789552,-0.8585161513202969,1.5612849831747682,-0.19292677996050506,-1.4563699617786632,-0.06313556748923671,0.9096432898827349
RAN,2008,2018,10,2.68423172004115,-0.6488380730133557,1.8175679024883726,-0.1929459399055813,-1.6083114921244555,-0.5181788896440365,0.7669111086879864
RAN,2008,2019,11,1.955954457505454,-0.38227167182922417,0.3660537449508745,-0.19296776389891673,-1.2721498198765577,0.30500592909204444,1.3405224823412611
RAN,2008,2021,13,1.9932959348769963,-0.7700474402714601,0.2787236722456491,-0.13643857289778383,-1.1779202704990825,0.3641316246237605,1.3281058882409476
RAN,2008,2022,14,1.7046122592355326,-0.8021747126327412,-0.0651218740358673,-0.19295154541926307,-1.4318931442773866,0.19044071898444576,0.3662811533714607
RAN,2008,2023,15,1.5907523264743304,-0.8271090653447696,0.7193587731160128,-0.1848441297101412,-1.0666217106561284,0.3890603311517865,0.07542775710425306
RAN,2009,2010,1,0.9044481905689365,0.1373386424333744,0.08082528209109668,0.01028689847907005,0.20038162837082518,-0.8286839729176829,-0.2562345727129314
RAN,2009,2011,2,0.9818710417496537,0.2613316694827533,0.01661279088475537,0.03708949749935836,0.34863767735012297,-0.8170504803872655,-0.32404500912222356
RAN,2009,2012,3,1.1912511131187558,-0.2258061655135065,-0.6353353266797243,-0.12003462426018585,-0.35069992334962985,-0.7960071619036452,-0.4397882032693846
RAN,2009,2013,4,0.6732554524953795,-0.047785468608974146,-0.3953521432152081,-0.10510907325000513,-0.263339790523477,-0.4149137791832039,-0.20527281712688702
RAN,2009,2014,5,1.2114922476925576,0.021750389428615235,-0.5002708357970733,-0.14348495572931497,-0.5885348773946605,-0.8799281189572747,-0.27519947068896694
RAN,2009,2015,6,2.0740088682866458,-0.8649937517063019,-0.8051930612027078,-0.1917426097880282,-1.4219295321902417,-0.8258485638405775,-0.40532463052606826
RAN,2009,2016,7,2.1184059768593366,-1.2540625715991194,-0.519764681402143,-0.2099176739464243,-1.5926603186236608,-0.19343276725555758,-0.16360644691714116
RAN,2009,2017,8,2.364174647391458,-1.316989972742915,1.1651878418174006,-0.20986385475424768,-1.2803061657264827,-0.5914938059212012,0.68125239843346
RAN,2009,2018,9,2.593712991811113,-1.1073118944359739,1.4214707611310051,-0.2098830146993239,-1.4322476960722752,-1.046537128076001,0.5385202172387115
RAN,2009,2019,10,1.7999842034218139,-0.8407454932518424,-0.03004339640649295,-0.20990483869265936,-1.0960860238243773,-0.22335230933992006,1.1121315908919864
RAN,2009,2021,12,1.9459252198461068,-1.2285212616940784,-0.11737346911171836,-0.15337564769152645,-1.001856474446902,-0.16422661380820402,1.0997149967916728
RAN,2009,2022,13,1.8858208466387867,-1.2606485340553595,-0.46121901539323473,-0.2098886202130057,-1.255829348225206,-0.33791751944751874,0.13789026192218581
RAN,2009,2023,14,1.6229085379381345,-1.2855828867673877,0.32326163175864536,-0.20178120450388382,-0.8905579146039482,-0.139297907280178,-0.15296313434502182
RAN,2010,2011,1,0.21663181574150348,0.12399302704937892,-0.06421249120634132,0.02680259902028831,0.14825604897929778,0.011633492530417469,-0.06781043640929219
RAN,2010,2012,2,1.0000972224228877,-0.36314480794688087,-0.716160608770821,-0.1303215227392559,-0.551081551720455,0.03267681101403769,-0.18355363055645324
RAN,2010,2013,3,0.8143540601290594,-0.18512411104234855,-0.4761774253063048,-0.11539597172907518,-0.4637214188943022,0.413770193734479,0.05096175558604438
RAN,2010,2014,4,1.0000270039013301,-0.11558825300475917,-0.58109611788817,-0.15377185420838502,-0.7889165057654857,-0.05124414603959179,-0.018964897976035566
RAN,2010,2015,5,2.117697816443572,-1.0023323941396762,-0.8860183432938045,-0.20202950826709826,-1.6223111605610667,0.0028354090771054163,-0.1490900578131369
RAN,2010,2016,6,2.4438328879124294,-1.3914012140324936,-0.6005899634932397,-0.22020457242549435,-1.793041946994486,0.6352512056621253,0.09262812579579024
RAN,2010,2017,7,2.5430213479213597,-1.4543286151762895,1.084362559726304,-0.22015075323331773,-1.480687794097308,0.23719016699648168,0.9374869711463913
RAN,2010,2018,8,2.5960611962092366,-1.2446505368693483,1.3406454790399085,-0.22016991317839396,-1.6326293244431005,-0.21785315515831813,0.794754789951643
RAN,2010,2019,9,2.221959854562365,-0.9780841356852168,-0.11086867849758963,-0.2201917371717294,-1.2964676521952025,0.6053316635777628,1.3683661636049178
RAN,2010,2021,11,2.3784702488535956,-1.3658599041274528,-0.19819875120281505,-0.1636625461705965,-1.2022381028177274,0.6644573591094789,1.3559495695046042
RAN,2010,2022,12,2.193944833075836,-1.397987176488734,-0.5420442974843315,-0.22017551869207574,-1.4562109765960312,0.4907664534701641,0.3941248346351172
RAN,2010,2023,13,1.9505181788718844,-1.4229215292007622,0.24243634966754868,-0.21206810298295387,-1.0909395429747732,0.6893860656375049,0.10327143836790958
RAN,2011,2012,1,1.0908437082901004,-0.48713783499625984,-0.6519481175644797,-0.1571241217595442,-0.6993376006997528,0.02104331848362022,-0.11574319414716105
RAN,2011,2013,2,0.9142352688147696,-0.3091171380917275,-0.4119649340999635,-0.14219857074936348,-0.6119774678736,0.40213670120406153,0.11877219199533656
RAN,2011,2014,3,1.114363893827691,-0.2395812800541381,-0.5168836266818286,-0.18057445322867333,-0.9371725547447834,-0.06287763857000926,0.04884553843325662
RAN,2011,2015,4,2.266700238870382,-1.1263254211890552,-0.8218058520874632,-0.22883210728738657,-1.7705672095403644,-0.008798083453312053,-0.0812796214038447
RAN,2011,2016,5,2.6131227554350596,-1.5153942410818726,-0.5363774722868984,-0.24700717144578266,-1.9412979959737837,0.6236177131317079,0.16043856220508243
RAN,2011,2017,6,2.7543178006656572,-1.5783216422256685,1.1485750509326453,-0.24695335225360604,-1.628943843076606,0.2255566744660642,1.0052974075556835
RAN,2011,2018,7,2.8064287177597502,-1.3686435639187273,1.4048579702462498,-0.24697251219868227,-1.7808853734223982,-0.2294866476887356,0.8625652263609351
RAN,2011,2019,8,2.4041764477702783,-1.1020771627345958,-0.04665618729124832,-0.24699433619201772,-1.4447237011745004,0.5936981710473453,1.43617660001421
RAN,2011,2021,10,2.5594915618516434,-1.4898529311768316,-0.13398625999647373,-0.1904651451908848,-1.350494151797025,0.6528238665790614,1.4237600059138964
RAN,2011,2022,11,2.371289141107395,-1.5219802035381127,-0.4778318062779901,-0.24697811771236405,-1.604467025575329,0.47913296093974667,0.4619352710444094
RAN,2011,2023,12,2.1373489751494383,-1.5469145562501412,0.30664884087389,-0.23887070200324217,-1.2391955919540711,0.6777525731070875,0.17108187477720177
RAN,2012,2013,1,0.5453141245588391,0.17802069690453234,0.2399831834645162,0.014925551010180726,0.08736013282615282,0.38109338272044135,0.23451538614249762
RAN,2012,2014,2,0.41324838285108956,0.24755655494212173,0.135064490882651,-0.023450331469129115,-0.2378349540450307,-0.08392095705362948,0.16458873258041767
RAN,2012,2015,3,1.2618104364290696,-0.6391875861927954,-0.16985773452298356,-0.07170798552784236,-1.0712296088406117,-0.02984140193693227,0.03446357274331635
RAN,2012,2016,4,1.7494526745194974,-1.0282564060856128,0.11557064527758126,-0.08988304968623845,-1.241960395274031,0.6025743946480876,0.2761817563522435
RAN,2012,2017,5,2.5697004847672886,-1.0911838072294087,1.800523168497125,-0.08982923049406183,-0.929606242376853,0.204513355982444,1.1210406017028447
RAN,2012,2018,6,2.6842456259648806,-0.8815057289224675,2.0568060878107293,-0.08984839043913806,-1.0815477727226455,-0.2505299661723558,0.9783084205080961
RAN,2012,2019,7,2.011117704051882,-0.6149393277383359,0.6052919302732314,-0.0898702144324735,-0.7453861004747475,0.5726548525637252,1.551919794161371
RAN,2012,2021,9,2.1137774934543296,-1.002715096180572,0.517961857568006,-0.0333410234313406,-0.6511565510972723,0.6317805480954412,1.5395032000610573
RAN,2012,2022,10,1.5722934724857436,-1.034842368541853,0.17411631128648952,-0.08985399595281984,-0.9051294248755762,0.4580896424561265,0.5776784651915705
RAN,2012,2023,11,1.6892896871209457,-1.0597767212538813,0.9585969584383697,-0.08174658024369796,-0.5398579912543183,0.6567092546234672,0.2868250689243628
RAN,2013,2014,1,0.5866820208266487,0.06953585803758938,-0.10491869258186517,-0.03837588247930984,-0.3251950868711835,-0.4650143397740708,-0.06992665356207994
RAN,2013,2015,2,1.54742451849968,-0.8172082830973277,-0.4098409179874997,-0.08663353653802308,-1.1585897416667645,-0.4109347846573736,-0.20005181339918127
RAN,2013,2016,3,1.8164390336908793,-1.2062771029901451,-0.12441253818693492,-0.10480860069641917,-1.3293205281001836,0.2214810119276463,0.04166637020974587
RAN,2013,2017,4,2.430733789292466,-1.269204504133941,1.5605399850326087,-0.10475478150424256,-1.0169663752030058,-0.17658002673799733,0.886525215560347
RAN,2013,2018,5,2.5986421677640394,-1.0595264258269999,1.8168229043462132,-0.10477394144931879,-1.168907905548798,-0.6316233488927971,0.7437930343655985
RAN,2013,2019,6,1.7997040572561365,-0.7929600246428683,0.36530874680871517,-0.10479576544265423,-0.8327462333009004,0.19156146984328382,1.3174044080188734
RAN,2013,2021,8,1.94550326659451,-1.1807357930851041,0.27797867410348975,-0.048266574441521326,-0.7385166839234252,0.25068716537499985,1.3049878139185598
RAN,2013,2022,9,1.6109248458010044,-1.2128630654463852,-0.06586687217802664,-0.10477954696300057,-0.9924895577017291,0.07699625973568514,0.34316307904907284
RAN,2013,2023,10,1.5905963327870474,-1.2377974181584137,0.7186137749738535,-0.09667213125387869,-0.6272181240804711,0.2756158719030259,0.05230968278186521
RAN,2014,2015,1,1.2633389658776355,-0.8867441411349171,-0.3049222254056346,-0.04825765405871324,-0.8333946547955811,0.05407955511669721,-0.13012515983710132
RAN,2014,2016,2,1.7676223579086348,-1.2758129610277344,-0.019493845605069737,-0.06643271821710933,-1.0041254412290002,0.6864953517017172,0.11159302377182581
RAN,2014,2017,3,2.4590499321138073,-1.3387403621715304,1.665458677614474,-0.06637889902493271,-0.6917712883318223,0.2884343130360735,0.956451869122427
RAN,2014,2018,4,2.5246842815064534,-1.1290622838645892,1.9217415969280784,-0.06639805897000894,-0.8437128186776147,-0.16660900911872634,0.8137196879276785
RAN,2014,2019,5,1.8928317483848287,-0.8624958826804576,0.4702274393905803,-0.06641988296334439,-0.5075511464297169,0.6565758096173546,1.3873310615809533
RAN,2014,2021,7,2.0696232992390593,-1.2502716511226937,0.3828973666853549,-0.009890691962211484,-0.41332159705224164,0.7157015051490707,1.3749144674806397
RAN,2014,2022,8,1.6000568796943657,-1.2823989234839748,0.03905182040383854,-0.06640366448369073,-0.6672944708305456,0.5420105995097559,0.4130897326111528
RAN,2014,2023,9,1.7451123803829212,-1.307333276196003,0.8235324675557186,-0.05829624877456885,-0.30202303720928764,0.7406302116770966,0.12223633634394515
RAN,2015,2016,1,0.8489409055164941,-0.3890688198928174,0.2854283798005648,-0.018175064158396093,-0.1707307864334192,0.6324157965850199,0.24171818360892713
RAN,2015,2017,2,2.311419225646299,-0.4519962210366133,1.9703809030201085,-0.018121244966219474,0.14162336646375873,0.23435475791937627,1.0865770289595282
RAN,2015,2018,3,2.4406417061540178,-0.24231814272967211,2.226663822333713,-0.018140404911295704,-0.01031816388203366,-0.22068856423542355,0.9438448477647798
RAN,2015,2019,4,1.8367427582496139,0.024248258454459437,0.7751496647962148,-0.01816222890463115,0.3258435083658642,0.6024962545006574,1.5174562214180547
RAN,2015,2021,6,1.8671018515244011,-0.3635275099877765,0.6878195920909895,0.038366962096501755,0.4200730577433394,0.6616219500323735,1.505039627317741
RAN,2015,2022,7,0.9142967369808606,-0.3956547823490576,0.3439740458094731,-0.018146010424977488,0.16610018396503545,0.48793104439305873,0.543214892448254
RAN,2015,2023,8,1.5059216157344744,-0.420589135061086,1.1284546929613533,-0.010038594715855609,0.5313716175862935,0.6865506565603995,0.2523614961810465
RAN,2016,2017,1,1.9526466762110242,-0.06292740114379591,1.6849525232195437,5.381919217661846e-5,0.31235415289717794,-0.39806103866564363,0.8448588453506012
RAN,2016,2018,2,2.24419961639763,0.14675067716314527,1.9412354425331482,3.4659247100388146e-5,0.16041262255138555,-0.8531043608204434,0.7021266641558527
RAN,2016,2019,3,1.5118355382656836,0.4133170783472768,0.48972128499565004,1.2835253764942323e-5,0.4965742947992834,-0.029919542084362483,1.2757380378091274
RAN,2016,2021,5,1.4531521939566345,0.025541309905040888,0.4023912122904246,0.05654202625489785,0.5908038441767587,0.029206153447353556,1.2633214437088138
RAN,2016,2022,6,0.47822816984207867,-0.006585962456240213,0.05854566600890827,2.9053733418604732e-5,0.33683097039845467,-0.14448475219196116,0.301496708839327
RAN,2016,2023,7,1.0989744064272333,-0.03152031516826859,0.8430263131607884,0.008136469442540484,0.7021024040197126,0.05413485997537959,0.01064331257211934
RAN,2017,2018,1,0.6001407841928488,0.20967807830694118,0.2562829193136045,-1.915994507623031e-5,-0.15194153034579239,-0.4550433221547998,-0.1427321811947485
RAN,2017,2019,2,1.4179240527732355,0.47624447949107274,-1.1952312382238937,-4.0983938411676135e-5,0.18422014190210545,0.36814149658128115,0.43087919245852635
RAN,2017,2021,4,1.4460925201793107,0.0884687110488368,-1.2825613109291192,0.05648820706272123,0.2784496912795807,0.4272671921129972,0.41846259835821276
RAN,2017,2022,5,1.734507446671636,0.0563414386875557,-1.6264068572106354,-2.4765458758013725e-5,0.024476817501276726,0.25357628647368247,-0.5433621365112742
RAN,2017,2023,6,1.3274757484030233,0.03140708597552733,-0.8419262100587553,0.008082650250363865,0.3897482511225347,0.4521958986410232,-0.8342155327784818
RAN,2018,2019,1,1.815934723474055,0.26656640118413155,-1.4515141575374981,-2.1823993335445824e-5,0.33616167224789784,0.823184818736081,0.5736113736532749
RAN,2018,2021,3,1.9143078085892475,-0.12120936725810438,-1.5388442302427237,0.05650736700779746,0.4303912216253731,0.8823105142677969,0.5611947795529613
RAN,2018,2022,4,2.064413346206828,-0.15333663961938548,-1.8826897765242399,-5.605513681783414e-6,0.1764183478470691,0.7086196086284823,-0.4006299553165257
RAN,2018,2023,5,1.6830239233257962,-0.17827099233141386,-1.0982091293723597,0.008101810195440096,0.541689781468327,0.9072392207958231,-0.6914833515837333
RAN,2019,2021,2,0.41679895067280615,-0.38777576844223594,-0.08733007270522541,0.056529191001132906,0.09422954937747524,0.05912569553171604,-0.012416594100313594
RAN,2019,2022,3,1.161903723411776,-0.41990304080351704,-0.4311756189867418,1.621847965366241e-5,-0.15974332440082872,-0.11456521010759868,-0.9742413289698005
RAN,2019,2023,4,1.4044722685182336,-0.4448373935155454,0.3533050281651383,0.008123634188775541,0.20552810922042924,0.08405440205974207,-1.2650947252370082
RAN,2021,2022,1,1.0687531096160603,-0.0321272723612811,-0.34384554628151637,-0.05651297252147924,-0.25397287377830396,-0.17369090563931472,-0.9618247348694869
RAN,2021,2023,2,1.3349043895222439,-0.057061625073309474,0.4406351008703637,-0.048405556812357364,0.111298559842954,0.024928706528026034,-1.2526781311366946
RAN,2022,2023,1,0.934647530659491,-0.024934352712028374,0.7844806471518802,0.008107415709121879,0.36527143362125797,0.19861961216734075,-0.29085339626720763
RKB,2007,2008,1,0.7584376540396053,-0.5217086746640327,0.03225856658641067,-0.278462654058659,0.1486542882412074,0.4451579125884281,0.06482286995505204
RKB,2007,2009,2,0.5188294601241602,-0.0207509519106579,-0.23860958869980514,0.10712751809478804,-0.06910156611816831,0.20680133402215584,0.3908973619015136
RKB,2007,2010,3,0.9119664186436017,-0.38924507234406414,-0.04201529678917216,-0.2980050208194491,0.0896788883148465,0.7558963747024711,0.10088167570918738
RKB,2007,2011,4,0.8701619662112081,-0.46200863173599427,0.10682786310841468,-0.2016225751286264,0.17532549053317492,0.6743204558437517,0.07886007674456008
RKB,2007,2012,5,2.109771490876443,-0.7079575358244368,-0.17421189182713936,-0.664976271014478,0.38578658353224127,1.82068803029162,0.11684372142923177
RKB,2007,2013,6,1.3641317567636297,-0.7217853559076199,0.04648040004127221,-0.43939604917899394,0.3886253330228533,0.9904871095468036,0.11206101258121032
RKB,2007,2014,7,1.4203619832122494,-0.7119495839436827,-0.345433436642954,-0.6789608191340694,0.06903762585629247,0.9620046953737605,0.004967142221430687
RKB,2007,2015,8,1.4507808197662526,-0.4917137686804893,-0.32033398804364616,-0.5309760357698018,-0.09879532629160315,1.2073468436952655,0.10481519334488482
RKB,2007,2016,9,1.7647529915757942,-0.24574423099063247,-0.3860103809853336,-0.5949476791143106,-0.1830460072004906,1.3632705463181916,0.8117781198627174
RKB,2007,2017,10,1.349719061061448,-0.742071649722509,-0.19225878534158775,-0.6560422241201724,-0.08253494904267,0.886636386450288,0.1038280815099884
RKB,2007,2018,11,1.361539023892102,-0.3308399177143493,-0.1238072587499533,-0.5691429390994057,0.05642737186350405,0.7283404015552684,0.9334975903283418
RKB,2007,2019,12,1.2392828659848754,-0.1385687699530802,-0.4249068691873309,-0.5404895647713408,-0.31834525096209454,0.9694207870023837,0.05315580613295445
RKB,2007,2021,14,2.0610634266604815,-0.5720595366326258,-0.40674928765791357,-0.039476025519785685,0.17118224573392393,1.60633373098615,1.0696333853735394
RKB,2007,2022,15,2.703020621404225,-0.7538707212437433,-0.3529670497972212,-0.15970376837840194,0.10472884290087736,2.2693637636460586,1.194541067199426
RKB,2007,2023,16,2.7496725727146876,-0.8438455081287017,-0.23576524187601094,-0.02673866450978213,0.28645037643780447,2.323786617396043,1.1446771373376423
RKB,2008,2009,1,0.8267793075225539,0.5009577227533748,-0.2708681552862158,0.38559017215344704,-0.21775585435937572,-0.2383565785662722,0.32607449194646154
RKB,2008,2010,2,0.35324473658473665,0.13246360231996857,-0.07427386337558284,-0.019542366760790075,-0.058975399926360916,0.310738462114043,0.03605880575413534
RKB,2008,2011,3,0.2616351281398741,0.05970004292803843,0.074569296522004,0.07684007893003258,0.02667120229196751,0.22916254325532356,0.014037206789508039
RKB,2008,2012,4,1.4757142215686505,-0.18624886116040412,-0.20647045841355005,-0.386513616955819,0.23713229529103386,1.375530117703192,0.05202085147417973
RKB,2008,2013,5,0.6506412022742292,-0.20007668124358724,0.01422183345486154,-0.16093339512033494,0.23997104478164588,0.5453291969583756,0.047238142626158275
RKB,2008,2014,6,0.7850437892519835,-0.19024090927964993,-0.3776920032293647,-0.40049816507541036,-0.07961666238491494,0.5168467827853325,-0.059855727733621356
RKB,2008,2015,7,0.9125496568806792,0.029994905983543374,-0.35259255463005684,-0.25251338171114274,-0.24744961453281056,0.7621889311068375,0.039992323389832773
RKB,2008,2016,8,1.364612068440755,0.27596444367340023,-0.41826894757174427,-0.31648502505565157,-0.331700295441698,0.9181126337297636,0.7469552499076653
RKB,2008,2017,9,0.7010045125881601,-0.2203629750584764,-0.22451735192799843,-0.3775795700615135,-0.2311892372838774,0.4414784738618599,0.03900521155493636
RKB,2008,2018,10,0.9942717678313183,0.19086875694968342,-0.15606582533636398,-0.2906802850407467,-0.09222691637770336,0.28318248896684034,0.8686747203732896
RKB,2008,2019,11,0.9578782676670626,0.3831399047109525,-0.4571654357737416,-0.2620269107126818,-0.46699953920330195,0.5242628744139557,-0.01166706382209759
RKB,2008,2021,13,1.615815173838129,-0.050350861968593064,-0.43900785424432426,0.2389866285388733,0.02252795749271652,1.1611758183977219,1.0048105154184874
RKB,2008,2022,14,2.1959784382558416,-0.23216204657971062,-0.3852256163836319,0.11875888568025705,-0.04392544534033005,1.8242058510576307,1.1297181972443742
RKB,2008,2023,15,2.2255993978085002,-0.3221368334646691,-0.2680238084624216,0.25172398954887687,0.13779608819659706,1.8786287048076147,1.0798542673825904
RKB,2009,2010,1,0.8656762103351381,-0.36849412043340624,0.19659429191063296,-0.4051325389142371,0.1587804544330148,0.5490950406803152,-0.2900156861923262
RKB,2009,2011,2,0.8860293312313421,-0.44125767982533637,0.34543745180821983,-0.30875009322341446,0.24442705665134323,0.4675191218215958,-0.3120372851569535
RKB,2009,2012,3,1.9897746376004206,-0.6872065839137789,0.06439769687266575,-0.772103789109266,0.4548881496504096,1.6138866962694642,-0.2740536404722818
RKB,2009,2013,4,1.331480591489272,-0.701034403996962,0.2850899887410773,-0.546523567273782,0.4577268991410216,0.7836857755246478,-0.27883634932030327
RKB,2009,2014,5,1.3584765162340393,-0.6911986320330248,-0.10682384794314889,-0.7860883372288574,0.13813919197446078,0.7552033613516047,-0.3859302196800829
RKB,2009,2015,6,1.3112883135179803,-0.4709628167698314,-0.08172439934384104,-0.6381035538645898,-0.029693760173434836,1.0005455096731097,-0.28608216855662877
RKB,2009,2016,7,1.446652528701322,-0.22499327907997457,-0.14740079228552846,-0.7020751972090986,-0.1139444410823223,1.1564692122960358,0.4208807579612038
RKB,2009,2017,8,1.2843850386575837,-0.7213206978118512,0.04635080335821737,-0.7631697422149606,-0.013433382924501691,0.679835052428132,-0.2870692803915252
RKB,2009,2018,9,1.0718451353025409,-0.3100889658036914,0.11480232994985183,-0.6762704571941938,0.12552893798167236,0.5215390675331125,0.5426002284268281
RKB,2009,2019,10,1.1071475980991725,-0.1178178180424223,-0.18629728048752578,-0.6476170828661288,-0.24924368484392623,0.7626194529802279,-0.33774155576855913
RKB,2009,2021,12,1.6825024644566753,-0.5513085847219679,-0.16813969895810846,-0.14660354361457373,0.24028381185209224,1.3995323969639941,0.6787360234720258
RKB,2009,2022,13,2.356260841417462,-0.7331197693330854,-0.1143574610974161,-0.26683128647319,0.17383040901904567,2.062562429623903,0.8036437052979125
RKB,2009,2023,14,2.4231468625246873,-0.8230945562180438,0.002844346823794197,-0.13386618260457017,0.3555519425559728,2.1169852833738867,0.7537797754361288
RKB,2010,2011,1,0.22630360026118396,-0.07276355939193013,0.14884315989758684,0.09638244569082266,0.08564660221832843,-0.08157591885871945,-0.022021598964627298
RKB,2010,2012,2,1.2146757989150314,-0.3187124634803727,-0.1321965950379672,-0.3669712501950289,0.2961076952173948,1.064791655589149,0.015962045720044393
RKB,2010,2013,3,0.5319142023878147,-0.3325402835635558,0.08849569683044438,-0.14139102835954487,0.2989464447080068,0.23459073484433257,0.011179336872022938
RKB,2010,2014,4,0.6272434845963751,-0.3227045115996185,-0.30341813985378185,-0.38095579831462023,-0.02064126245855402,0.20610832067128948,-0.09591453348775669
RKB,2010,2015,5,0.6177233600276176,-0.10246869633642519,-0.278318691254474,-0.2329710149503527,-0.18847421460644964,0.4514504689927945,0.003933517635697437
RKB,2010,2016,6,1.084322857374755,0.14350084135343166,-0.3439950841961614,-0.2969426582948615,-0.2727248955153371,0.6073741716157206,0.7108964441535299
RKB,2010,2017,7,0.5674588762727697,-0.35282657737844497,-0.1502434885524156,-0.3580372033007234,-0.1722138373575165,0.13074001174781685,0.002946405800801022
RKB,2010,2018,8,0.8824574290793847,0.05840515462971485,-0.08179196196078113,-0.27113791827995665,-0.033251516451342444,-0.027555973147202678,0.8326159146191543
RKB,2010,2019,9,0.6946923422328957,0.25067630239098393,-0.38289157239815874,-0.24248454395189176,-0.40802413927694103,0.21352441229991265,-0.04772586957623293
RKB,2010,2021,11,1.37900530204556,-0.18281446428856163,-0.3647339908687414,0.2585289952996634,0.08150335741907744,0.8504373562836789,0.968751709664352
RKB,2010,2022,12,1.932788399200651,-0.3646256488996792,-0.31095175300804906,0.13830125244104713,0.015049954586030867,1.5134673889435877,1.0936593914902386
RKB,2010,2023,13,1.975928599643785,-0.45460043578463766,-0.19374994508683877,0.27126635630966695,0.19677148812295797,1.5678902426935717,1.043795461628455
RKB,2011,2012,1,1.3092234719263947,-0.24594890408844255,-0.28103975493555405,-0.46335369588585157,0.21046109299906635,1.1463675744478685,0.03798364468467169
RKB,2011,2013,2,0.5236625493027914,-0.2597767241716257,-0.06034746306714246,-0.23777347405036753,0.21329984248967837,0.316166653703052,0.033200935836650236
RKB,2011,2014,3,0.7709617757434238,-0.24994095220768836,-0.4522612997513687,-0.4773382440054429,-0.10628786467688245,0.28768423953000893,-0.0738929345231294
RKB,2011,2015,4,0.8073142911638054,-0.02970513694449506,-0.42716185115206085,-0.3293534606411753,-0.27412081682477807,0.533026387851514,0.025955116600324735
RKB,2011,2016,5,1.2588151884916496,0.2162644007453618,-0.49283824409374827,-0.39332510398568415,-0.3583714977336655,0.6889500904744401,0.7329180431181572
RKB,2011,2017,6,0.6975520028384294,-0.28006301798651484,-0.29908664845000243,-0.4544196489915461,-0.2578604395758449,0.2123159306065363,0.02496800476542832
RKB,2011,2018,7,0.97618092876703,0.13116871402164498,-0.230635121858368,-0.3675203639707793,-0.11889811866967087,0.054019945711516776,0.8546375135837816
RKB,2011,2019,8,0.9130398251858417,0.32343986178291406,-0.5317347322957455,-0.33886698964271444,-0.49367074149526946,0.2951003311586321,-0.02570427061160563
RKB,2011,2021,10,1.4671270754841315,-0.1100509048966315,-0.5135771507663283,0.16214654960884073,-0.004143244799250989,0.9320132751423984,0.9907733086289793
RKB,2011,2022,11,2.022929346385901,-0.29186208950774906,-0.4597949129056359,0.04191880675022447,-0.07059664763229756,1.5950433078023072,1.115680990454866
RKB,2011,2023,12,2.0402958567262233,-0.3818368763927075,-0.34259310498442563,0.17488391061884428,0.11112488590462954,1.6494661615522912,1.0658170605930823
RKB,2012,2013,1,0.8882833075037871,-0.013827820083183118,0.2206922918684116,0.22558022183548404,0.0028387494906120248,-0.8302009207448164,-0.004782708848021455
RKB,2012,2014,2,0.937929454848874,-0.003992048119245806,-0.17122154481581464,-0.01398454811959135,-0.3167489576759488,-0.8586833349178595,-0.11187657920780109
RKB,2012,2015,3,0.8349974975224567,0.2162437671439475,-0.1461220962165068,0.13400023524467622,-0.4845819098238444,-0.6133411865963545,-0.012028528084346957
RKB,2012,2016,4,1.1309901997404774,0.46221330483380435,-0.21179848915819421,0.07002859190016741,-0.5688325907327318,-0.4574174839734284,0.6949343984334856
RKB,2012,2017,5,1.0457132582333448,-0.034114113898072285,-0.01804689351444838,0.008934046894305492,-0.46832153257491127,-0.9340516438413322,-0.013015639919243371
RKB,2012,2018,6,1.456903128672419,0.37711761811008754,0.05040463307718608,0.09583333191507226,-0.3293592116687372,-1.0923476287363516,0.81665386889911
RKB,2012,2019,7,1.275563478940111,0.5693887658713566,-0.25069497736019153,0.12448670624313715,-0.7041318344943358,-0.8512672432892363,-0.06368791529627732
RKB,2012,2021,9,1.2097947738809736,0.13589799919181106,-0.2325373958307742,0.6255002454946923,-0.21460433779831734,-0.21435429930547012,0.9527896639443076
RKB,2012,2022,10,1.3157114673690626,-0.0459131854193065,-0.17875515797008185,0.505272502636076,-0.2810577406313639,0.44867573335443867,1.0776973457701944
RKB,2012,2023,11,1.3225048202257614,-0.13588797230426497,-0.06155335004887155,0.6382376065046959,-0.0993362070944368,0.5030985871044227,1.0278334159084106
RKB,2013,2014,1,0.5705270583907889,0.009835771963937312,-0.39191383668422625,-0.2395647699550754,-0.3195877071665608,-0.02848241417304309,-0.10709387035977963
RKB,2013,2015,2,0.6932042771197992,0.23007158722713061,-0.3668143880849184,-0.09157998659080782,-0.48742065931445644,0.21685973414846194,-0.007245819236325501
RKB,2013,2016,3,1.1803556159255606,0.47604112491698747,-0.4324907810266058,-0.15555162993531663,-0.5716713402233439,0.37278343677138803,0.699717107281507
RKB,2013,2017,4,0.5806791392054785,-0.020286293814889167,-0.23873918538286,-0.21664617494117855,-0.4711602820655233,-0.10385072309651572,-0.008232931071221916
RKB,2013,2018,5,1.025916619903826,0.39094543819327066,-0.1702876587912255,-0.12974688992041178,-0.33219796115934924,-0.2621467079915353,0.8214365777471314
RKB,2013,2019,6,1.037443233401406,0.5832165859545397,-0.47138726922860313,-0.10109351559234689,-0.7069705839849478,-0.021066322544419924,-0.058905206448255865
RKB,2013,2021,8,1.3157752097437394,0.14972581927499418,-0.4532296876991858,0.39992002365920826,-0.21744308728892936,0.6158466214393463,0.9575723727923291
RKB,2013,2022,9,1.7682480849531843,-0.032085365336123384,-0.39944744983849345,0.279692280800592,-0.28389649012197593,1.278876654099255,1.0824800546182158
RKB,2013,2023,10,1.7661457359897392,-0.12206015222108185,-0.28224564191728313,0.4126573846692118,-0.10217495658504883,1.3332995078492391,1.032616124756432
RKB,2014,2015,1,0.41153808527868113,0.2202358152631933,0.02509944859930785,0.14798478336426757,-0.16783295214789562,0.24534214832150503,0.09984805112345413
RKB,2014,2016,2,1.0495506286320715,0.46620535295305016,-0.04057694434237957,0.08401314001975876,-0.25208363305678305,0.4012658509444311,0.8068109776412866
RKB,2014,2017,3,0.25164098913728583,-0.03012206577882648,0.15317465130136626,0.022918595013896842,-0.15157257489896248,-0.07536830892347263,0.09886093928855771
RKB,2014,2018,4,1.0598818429283898,0.38110966622933334,0.2216261778930007,0.10981788003466361,-0.012610253992788423,-0.23366429381849216,0.928530448106911
RKB,2014,2019,5,0.7118275855952834,0.5733808139906025,-0.07947343254437689,0.1384712543627285,-0.387382876818387,0.007416091628623167,0.048188663911523766
RKB,2014,2021,7,1.4111616842151873,0.13989004731105686,-0.061315851014959566,0.6394847936142837,0.10214461987763146,0.6443290356123894,1.0646662431521086
RKB,2014,2022,8,1.8430924396770367,-0.041921137300060696,-0.007533613154267205,0.5192570507556674,0.03569121704458489,1.3073590682722982,1.1895739249779953
RKB,2014,2023,9,1.911929540274098,-0.13189592418501916,0.10966819476694309,0.6522221546242872,0.217412750581512,1.3617819220222822,1.1397099951162117
RKB,2015,2016,1,0.7746700787801876,0.24596953768985685,-0.06567639294168742,-0.06397164334450882,-0.08425068090888746,0.1559237026229261,0.7069629265178325
RKB,2015,2017,2,0.4447970877375983,-0.2503578810420198,0.1280752027020584,-0.12506618835037073,0.016260377248933144,-0.32071045724497765,-9.871118348964147e-4
RKB,2015,2018,3,1.0031030039162185,0.16087385096614004,0.19652672929369286,-0.03816690332960397,0.1552226981551072,-0.4790064421399972,0.8286823969834569
RKB,2015,2019,4,0.49317041171819215,0.3531449987274091,-0.10457288114368474,-0.009513529001539074,-0.2195499246704914,-0.23792605669288186,-0.05165938721193036
RKB,2015,2021,6,1.1909860938765477,-0.08034576795213644,-0.08641529961426742,0.49150001025001605,0.2699775720255271,0.3989868872908844,0.9648181920286545
RKB,2015,2022,7,1.6013865201399438,-0.262156952563254,-0.032633061753575054,0.3712722673913998,0.2035241691924805,1.0620169199507932,1.0897258738545412
RKB,2015,2023,8,1.6916172272908903,-0.35213173944821247,0.08456874616763524,0.5042373712600197,0.3852457027294076,1.1164397737007772,1.0398619439927577
RKB,2016,2017,1,1.0129605040659957,-0.49632741873187664,0.19375159564374583,-0.061094545005861915,0.1005110581578206,-0.47663415986790375,-0.707950038352729
RKB,2016,2018,2,0.7429381234770672,-0.08509568672371681,0.2622031222353803,0.025804740014904848,0.23947337906399466,-0.6349301447629233,0.12171947046562437
RKB,2016,2019,3,0.8745836355804588,0.10717546103755227,-0.038896488201997315,0.054458114342969745,-0.1352992437616039,-0.39384975931580796,-0.758622313729763
RKB,2016,2021,5,0.8163989488986322,-0.3263153056419933,-0.020738906672579993,0.5554716535945249,0.3542282529344145,0.2430631846679583,0.257855265510822
RKB,2016,2022,6,1.2243563249144236,-0.5081264902531109,0.03304333118811237,0.4352439107359086,0.28777485010136794,0.9060932173278671,0.38276294733670874
RKB,2016,2023,7,1.398928145653685,-0.5981012771380694,0.15024513910932266,0.5682090146045284,0.46949638363829505,0.9605160710778511,0.33289901747492506
RKB,2017,2018,1,0.9560691784430032,0.4112317320081598,0.06845152659163446,0.08689928502076677,0.13896232090617405,-0.15829598489501953,0.8296695088183533
RKB,2017,2019,2,0.7047841576310173,0.6035028797694288,-0.23264808384574315,0.11555265934883166,-0.23581030191942454,0.0827844005520958,-0.05067227537703395
RKB,2017,2021,4,1.403631268911451,0.17001211308988334,-0.21449050231632583,0.61656619860038675,0.25371719477659394,0.7196973445358621,0.965805303863551
RKB,2017,2022,5,1.8463411850393658,-0.011799071521234217,-0.16070826445563346,0.49633845574177055,0.18726379194354736,1.3827273771957709,1.0907129856894378
RKB,2017,2023,6,1.9217677835519205,-0.10177385840619269,-0.04350645653442317,0.6293035596103904,0.36898532548047447,1.437150230945755,1.040849055827654
RKB,2018,2019,1,1.049774315552913,0.19227114776126908,-0.3010996104373776,0.028653374328064894,-0.3747726228255986,0.24108038544711533,-0.8803417841953873
RKB,2018,2021,3,1.1051534092194264,-0.24121961891827648,-0.2829420289079603,0.52966691357962,0.11475487387041988,0.8779933294308816,0.13613579504519763
RKB,2018,2022,4,1.6865169541155456,-0.42303080352939404,-0.2291597910472679,0.4094391707210038,0.04830147103737331,1.5410233620907903,0.26104347687108437
RKB,2018,2023,5,1.792447414632914,-0.5130055904143525,-0.11195798312605763,0.5424042745896236,0.23002300457430042,1.5954462158407743,0.2111795470093007
RKB,2019,2021,2,1.4552595804223813,-0.43349076667954556,0.01815758152941732,0.5010135392515551,0.48952749669601847,0.6369129439837662,1.016477579240585
RKB,2019,2022,3,1.9236354637024018,-0.6153019512906631,0.07193981939010968,0.38078579639293886,0.4230740938629719,1.299942976643675,1.1413852610664716
RKB,2019,2023,4,2.046615056635707,-0.7052767381756215,0.18914162731131998,0.5137509002615587,0.604795627399899,1.354365830393659,1.0915213312046879
RKB,2021,2022,1,0.7141633945030278,-0.18181118461111756,0.05378223786069236,-0.12022774285861626,-0.06645340283304657,0.6630300326599088,0.12490768182588674
RKB,2021,2023,2,0.7980741503533466,-0.27178597149607603,0.17098404578190265,0.012737361010003556,0.11526813070388053,0.7174528864098928,0.07504375196410307
RKB,2022,2023,1,0.2792533243568505,-0.08997478688495847,0.1172018079212103,0.13296510386861982,0.1817215335369271,0.05442285374998401,-0.049863929861783673
